"","station","log","lat","type","dist","elevation"
"579",111121,126.9747,37.5643,"공공시설지역",0,47
"622",111123,127.005,37.572,"상업지역",0,27
"6221",111131,127.0048,37.54,"기타나지",0,47
"6222",111141,127.0925,37.5472,"공공시설지역",0,44
"6223",111142,127.0419,37.5432,"기타초지",0,15
"6224",111151,127.094,37.5849,"공공시설지역",0,45
"6225",111152,127.0289,37.5758,"공공시설지역",0,22
"6226",111161,127.0273,37.6067,"공공시설지역",0,42
"620",111171,127.029,37.6542,"활엽수림",0,66
"5791",111181,126.9348,37.6098,"교통시설지역",0,43
"5792",111191,126.9378,37.5767,"기타초지",0,85
"5793",111201,126.9456,37.5498,"공공시설지역",0,21
"578",111212,126.8351,37.5447,"상업지역",0,22
"590",111221,126.8897,37.4985,"기타나지",0,18
"5794",111231,126.8974,37.525,"상업지역",0,21
"5901",111241,126.9715,37.4809,"교통시설지역",0,32
"5902",111251,126.9271,37.4874,"주거지역",0,26
"6227",111261,127.0481,37.5176,"공공시설지역",0,50
"5795",111262,126.9945,37.5046,"상업지역",0,19
"6228",111273,127.1165,37.5218,"공공시설지역",0,23
"623",111274,127.1368,37.545,"주거지역",0,38
"5903",111281,126.9083,37.4524,"주거지역",0,31
"6201",111291,127.0288,37.6379,"공공시설지역",0,34
"5781",111301,126.8587,37.5234,"주거지역",0,18
"6202",111311,127.0679,37.6574,"상업지역",0,35
"361",221112,129.0305,35.0999,"상업지역",0,12
"359",221172,129.0877,35.1303,"공공시설지역",0,16
"331",221181,128.9842,35.1462,"공공시설지역",0,8
"3591",221182,129.0197,35.2161,"주거지역",0,26
"333",221202,128.9669,35.083,"공공시설지역",0,4
"3592",221152,129.064,35.1531,"공공시설지역",0,14
"3593",221221,129.0783,35.1847,"공공시설지역",0,13
"3611",221141,129.0799,35.0598,"침엽수림",0,51
"354",221191,129.0895,35.2755,"교통시설지역",0,98
"360",221192,129.1742,35.1706,"교통시설지역",0,29
"3311",221211,128.9552,35.21,"기타나지",0,5
"332",221212,128.855,35.0943,"공업지역",0,13
"3601",221231,129.2158,35.2387,"상업지역",0,33
"3594",221251,129.0927,35.2298,"주거지역",0,21
"3595",221271,129.1078,35.1527,"공공시설지역",0,51
"3596",221163,129.1043,35.2049,"주거지역",0,19
"355",221233,129.1802,35.3256,"공공시설지역",0,63
"3597",221241,129.0455,35.1294,"주거지역",0,15
"3612",221281,129.0172,35.1145,"주거지역",0,47
"3312",221282,128.9851,35.1744,"기타나지",0,6
"3598",221283,129.023,35.1552,"교통시설지역",0,44
"3331",221284,128.9737,35.1052,"기타나지",0,19
"3599",221193,129.121,35.1832,"공업지역",0,8
"3613",221142,129.0596,35.0908,"주거지역",0,90
"35910",221183,129.0102,35.2334,"주거지역",0,12
"280",422114,128.5841,35.8743,"기타나지",0,41
"281",422115,128.6316,35.8305,"공공시설지역",0,80
"2811",422121,128.6953,35.8716,"공공시설지역",0,43
"2801",422132,128.5453,35.8696,"기타나지",0,58
"2802",422141,128.5711,35.8455,"공공시설지역",0,76
"278",422153,128.5629,35.8943,"공공시설지역",0,29
"279",422154,128.6331,35.8898,"주거지역",0,37
"2781",422155,128.5507,35.923,"공공시설지역",0,32
"2812",422161,128.64,35.8653,"공공시설지역",0,64
"277",422171,128.4887,35.8379,"공업지역",0,23
"291",422201,128.4423,35.7002,"밭",0,49
"2813",422203,128.6976,35.8376,"공공시설지역",0,67
"2803",422204,128.5287,35.8167,"기타나지",0,45
"2771",422205,128.4572,35.8649,"주거지역",0,35
"2804",422206,128.5411,35.8344,"주거지역",0,55
"586",823611,126.6348,37.4684,"공공시설지역",0,20
"5861",823621,126.6436,37.474,"교통시설지역",0,17
"5862",823631,126.7241,37.4496,"주거지역",0,31
"5863",823632,126.6498,37.4639,"공공시설지역",0,28
"5864",823641,126.7243,37.5,"공공시설지역",0,17
"576",823651,126.6778,37.5427,"교통시설지역",0,31
"5761",823652,126.6614,37.602,"주거지역",0,31
"5762",823662,126.7303,37.5462,"공공시설지역",0,40
"5865",823671,126.6963,37.4089,"공업지역",0,8
"5763",823681,126.6746,37.5027,"주거지역",0,17
"574",823691,126.4634,37.7645,"침엽수림",15482.2659012432,16
"5866",823701,126.6786,37.4096,"공공시설지역",0,10
"582",823702,126.4885,37.4958,"기타나지",0,10
"5867",823704,126.7263,37.4042,"기타나지",0,14
"5764",823801,126.6984,37.5945,"주거지역",0,31
"5868",823706,126.6547,37.3821,"공업지역",0,-32768
"5765",823705,126.6373,37.5366,"논",0,7
"5741",823802,126.4913,37.6406,"주거지역",1731.16047803304,13
"5766",823803,126.7364,37.5128,"위락시설지역",0,12
"584",831493,126.4835,37.256,"주거지역",0,25
"203",324115,126.9233,35.1458,"공공시설지역",0,59
"2031",324121,126.8885,35.1549,"공공시설지역",0,51
"2032",324133,126.9322,35.1739,"공공시설지역",0,63
"202",324135,126.8603,35.2293,"공업지역",0,27
"2021",324141,126.7988,35.1407,"주거지역",0,18
"2022",324142,126.8078,35.2044,"공업지역",0,34
"2033",324155,126.8933,35.1319,"주거지역",0,45
"205",324124,126.8961,35.099,"논",0,73
"204",324148,126.7696,35.1238,"하우스재배지",0,15
"448",525111,127.4172,36.3728,"공업지역",0,48
"446",525112,127.4047,36.4469,"공공시설지역",0,34
"4481",525121,127.4378,36.3161,"주거지역",0,61
"447",525141,127.3739,36.3724,"교통시설지역",0,50
"4471",525142,127.3185,36.3682,"상업지역",0,65
"4482",525161,127.4372,36.3444,"주거지역",0,67
"4472",525171,127.3667,36.3045,"상업지역",0,56
"4483",525172,127.3835,36.3544,"공공시설지역",0,56
"4484",525162,127.4601,36.3025,"기타나지",0,84
"4473",525143,127.3345,36.3352,"논",0,48
"351",238120,129.4184,35.5028,"교통시설지역",0,51
"350",238121,129.32,35.5541,"공공시설지역",0,11
"356",238122,129.339,35.4973,"교통시설지역",0,22
"3501",238123,129.3593,35.5164,"공업지역",0,19
"3502",238124,129.3258,35.5261,"공공시설지역",0,10
"3503",238125,129.3318,35.5444,"상업지역",0,7
"3504",238127,129.3081,35.5347,"주거지역",0,26
"3561",238128,129.3145,35.4348,"상업지역",0,32
"3505",238129,129.2608,35.5593,"하우스재배지",0,7
"3506",238130,129.3711,35.5595,"공공시설지역",0,10
"3562",238371,129.3376,35.4381,"공업지역",0,25
"3563",238373,129.3059,35.4931,"주거지역",0,8
"348",238374,129.3552,35.6256,"기타나지",0,33
"346",238375,129.1138,35.5583,"기타나지",0,103
"3507",238376,129.3195,35.5679,"밭",0,48
"3511",238381,129.4267,35.5088,"주거지역",0,34
"353",238377,129.2091,35.4615,"논",0,54
"431",541111,127.2921,36.5925,"공공시설지역",0,49
"428",541112,127.2472,36.5119,"침엽수림",0,43
"445",541113,127.2514,36.4761,"주거지역",0,32
"4311",541114,127.3703,36.527,"공공시설지역",0,30
"638",131111,127.0105,37.2838,"공공시설지역",0,65
"6381",131112,127.0292,37.2634,"공공시설지역",0,49
"6382",131113,127.0295,37.2855,"주거지역",0,72
"652",131114,127.0563,37.247,"공공시설지역",0,39
"592",131115,126.9753,37.2928,"공공시설지역",0,50
"5921",131117,126.9766,37.2526,"주거지역",0,28
"5922",131118,126.9572,37.2662,"밭",0,39
"5904",131141,126.9306,37.3901,"상업지역",0,45
"5905",131142,126.958,37.3941,"공공시설지역",0,35
"5906",131144,126.9526,37.3813,"교통시설지역",0,45
"5907",131145,126.9176,37.4051,"공공시설지역",0,30
"637",131121,127.1554,37.4494,"주거지역",0,88
"6383",131123,127.1114,37.3615,"공공시설지역",0,60
"636",131124,127.119,37.3826,"공공시설지역",0,45
"6371",131126,127.1312,37.4572,"공공시설지역",0,58
"6361",131128,127.0807,37.3905,"논",0,69
"6372",131129,127.1645,37.4329,"교통시설지역",0,73
"6203",131131,127.0408,37.7356,"상업지역",0,47
"6204",131132,127.0477,37.7463,"공공시설지역",0,49
"589",131161,126.8698,37.4763,"상업지역",0,21
"5908",131163,126.8849,37.4522,"기타나지",0,8
"591",131191,126.8304,37.3221,"공공시설지역",0,30
"5911",131192,126.8122,37.3346,"상업지역",0,14
"5912",131193,126.8723,37.2963,"주거지역",0,29
"5913",131194,126.8019,37.3316,"공공시설지역",0,30
"5914",131195,126.8611,37.332,"주거지역",0,21
"599",131196,126.5853,37.2437,"주거지역",0,17
"5915",131197,126.8335,37.3049,"공공시설지역",0,10
"409",131341,127.1128,36.9923,"공공시설지역",0,32
"373",131342,126.9314,36.9859,"공공시설지역",0,25
"372",131343,126.8455,36.9746,"공업지역",0,8
"654",131344,127.0601,37.0816,"주거지역",0,22
"606",131345,126.9182,37.0203,"기타나지",0,38
"5909",131201,126.9943,37.4239,"기타나지",0,59
"6362",131202,127.0023,37.4491,"공공시설지역",0,35
"6231",131211,127.1297,37.5945,"공공시설지역",0,44
"6232",131212,127.1381,37.6186,"주거지역",0,33
"5923",131222,126.9504,37.3194,"주거지역",0,52
"5924",131223,126.976,37.3477,"주거지역",0,63
"5782",131381,126.8419,37.6249,"침엽수림",0,49
"577",131382,126.8134,37.6855,"밭",5434.18179564811,50
"5771",131384,126.8867,37.6664,"밭",0,37
"5783",131385,126.7564,37.6683,"내륙수",4805.68223626486,17
"640",131392,127.2579,37.4112,"상업지역",0,49
"639",131394,127.2286,37.3662,"공업지역",0,86
"5925",131501,126.9452,37.3537,"주거지역",0,67
"5926",131502,126.9336,37.3617,"공공시설지역",0,60
"588",131231,126.7401,37.3468,"기타나지",0,8
"5881",131232,126.7241,37.3372,"공업지역",0,9
"5891",131233,126.7884,37.4431,"주거지역",0,20
"5892",131234,126.8618,37.3861,"상업지역",0,41
"5893",131235,126.804,37.3801,"공공시설지역",0,15
"5894",831151,126.7999,37.48,"주거지역",0,44
"5784",831152,126.7737,37.5199,"주거지역",0,12
"5895",831153,126.7701,37.4939,"주거지역",0,18
"5785",831154,126.7962,37.528,"논",0,14
"621",131241,127.2162,37.6356,"공공시설지역",0,63
"6211",131242,127.2047,37.6987,"공공시설지역",0,74
"6205",131243,127.1159,37.6529,"하우스재배지",0,52
"624",131244,127.3007,37.6578,"기타나지",0,101
"653",131411,127.2014,37.2345,"공공시설지역",0,93
"6384",131412,127.0951,37.3279,"상업지역",0,86
"6385",131413,127.1151,37.2802,"주거지역",0,88
"6391",131415,127.2423,37.3295,"기타재배지",0,73
"6531",131416,127.1962,37.1411,"주거지역",0,53
"656",131417,127.375,37.1631,"상업지역",0,105
"5767",131471,126.7168,37.6193,"공공시설지역",0,13
"5786",131472,126.7628,37.6067,"공공시설지역",0,28
"575",131473,126.5973,37.6919,"논",7424.23430156429,27
"5768",131474,126.6291,37.6533,"침엽수림",3140.96977767598,24
"6521",131531,127.0771,37.1592,"밭",0,22
"6233",131541,127.2146,37.5391,"공공시설지역",0,31
"603",131551,126.824,37.2115,"공공시설지역",0,19
"604",131552,126.9202,37.1324,"공공시설지역",0,35
"6522",131553,127.0723,37.1969,"주거지역",0,39
"6523",131555,127.1195,37.1961,"침엽수림",0,79
"605",131554,126.8154,37.0898,"밭",0,33
"5916",131556,126.8187,37.2814,"연안습지",0,-32768
"5772",131561,126.9837,37.8246,"침엽수림",8279.17471854369,99
"607",131562,127.0843,37.7926,"상업지역",3585.35590757948,92
"6071",131571,127.0613,37.9176,"활엽수림",7331.66709945203,69
"658",131581,127.2799,37.0076,"교통시설지역",0,65
"655",131583,127.1726,37.0012,"주거지역",0,33
"659",131584,127.4244,37.0745,"논",0,92
"647",131591,127.6289,37.2987,"주거지역",0,47
"646",131592,127.5847,37.3712,"논",0,36
"745",131601,127.0748,38.0964,"공공시설지역",15367.9760005659,63
"614",131611,127.5098,37.8312,"공공시설지역",0,70
"625",131612,127.4947,37.6762,"주거지역",0,70
"644",131621,127.5962,37.4872,"주거지역",0,74
"641",131622,127.4866,37.4971,"공공시설지역",0,37
"643",131442,127.4409,37.2835,"주거지역",0,75
"663",131443,127.6297,37.1143,"논",0,64
"6431",131444,127.4867,37.2833,"주거지역",0,72
"5773",131371,126.7739,37.7563,"혼효림",8937.62117723132,37
"5774",131372,126.7564,37.7232,"혼효림",10456.6562006926,30
"5775",131374,126.8332,37.8308,"혼효림",9694.79987575142,28
"6072",131453,127.1592,37.8535,"논",0,119
"608",131454,127.3173,37.9612,"침엽수림",0,160
"613",132112,127.7205,37.8756,"주거지역",0,83
"615",132113,127.7495,37.8571,"공공시설지역",0,90
"6131",132118,127.7282,37.9054,"위락시설지역",0,77
"682",632132,128.903,37.76,"상업지역",0,13
"651",632121,127.9475,37.3528,"상업지역",0,130
"6511",632122,127.9479,37.337,"공공시설지역",0,150
"650",632124,127.8173,37.3128,"공공시설지역",0,73
"732",632151,129.1145,37.525,"공공시설지역",0,33
"734",632161,129.1684,37.4426,"주거지역",0,14
"706",632171,128.389,37.3607,"주거지역",0,298
"649",632432,127.9829,37.4899,"주거지역",0,121
"754",632441,128.4637,38.3811,"혼효림",28431.8613788628,11
"750",132402,127.9898,38.1092,"주거지역",0,195
"708",632372,128.6616,37.3797,"상업지역",0,313
"755",632451,128.6184,38.075,"공공시설지역",0,20
"7551",632461,128.5882,38.2069,"논",9091.71356278628,12
"720",632491,128.4625,37.174,"기타나지",0,198
"7451",632472,127.3125,38.1471,"혼효림",2451.46843782635,152
"633",632481,127.8803,37.6838,"주거지역",0,142
"748",632501,127.7084,38.1064,"주거지역",0,114
"728",632511,128.9867,37.1629,"기타나지",0,697
"752",632521,128.1668,38.0602,"밭",0,202
"430",533112,127.4368,36.6447,"공업지역",0,48
"4301",533113,127.4749,36.6661,"논",0,63
"4302",533114,127.4923,36.6358,"교통시설지역",0,56
"435",533115,127.5013,36.6088,"주거지역",0,63
"4303",633211,127.422,36.7091,"주거지역",0,72
"432",633213,127.4674,36.6137,"기타나지",0,71
"429",633214,127.3251,36.6325,"기타나지",0,43
"4351",633215,127.5485,36.5536,"공공시설지역",0,96
"422",633122,127.9262,36.9646,"공공시설지역",0,107
"4221",633123,127.9192,36.9821,"주거지역",0,78
"666",633124,127.8227,37.0165,"침엽수림",0,202
"4222",633125,127.9641,36.9052,"밭",0,128
"716",633131,128.2207,37.1451,"공공시설지역",0,295
"721",633311,128.2957,37.0334,"주거지역",0,164
"477",633312,128.3207,36.9392,"주거지역",0,158
"4771",633313,128.3656,36.9872,"밭",0,193
"416",633411,127.4414,36.8551,"주거지역",0,71
"417",633412,127.539,36.902,"혼효림",0,94
"451",634111,127.5712,36.3064,"공공시설지역",0,111
"469",633471,127.7778,36.1728,"공공시설지역",0,129
"419",633481,127.587,36.7922,"밭",0,54
"423",633362,127.7893,36.8075,"주거지역",0,134
"4231",633363,127.8745,36.8369,"주거지역",0,110
"418",633462,127.6889,36.9289,"주거지역",0,147
"421",633463,127.7574,36.9227,"논",0,119
"450",633491,127.717,36.4837,"상업지역",0,156
"412",534111,127.1521,36.8143,"주거지역",0,48
"411",534112,127.1106,36.8251,"공업지역",0,51
"410",534115,127.2074,36.8834,"공업지역",0,54
"4111",534116,127.1229,36.7844,"공업지역",0,20
"598",534431,126.4624,37.0213,"공공시설지역",0,15
"369",534434,126.6458,36.8899,"활엽수림",0,43
"3691",534432,126.7234,36.9419,"밭",0,20
"3692",534433,126.7164,36.9765,"논",0,4
"364",534421,126.3683,36.9917,"상업지역",0,12
"367",534422,126.4561,36.7799,"공공시설지역",0,32
"365",534423,126.4339,36.938,"상업지역",0,27
"3671",534424,126.4609,36.8391,"주거지역",0,8
"4112",534441,127.0145,36.7829,"주거지역",0,30
"4113",534442,127.0539,36.7738,"논",0,22
"375",534443,126.8887,36.7625,"상업지역",0,13
"4091",534444,127.0596,36.9143,"밭",0,31
"3751",534445,126.8798,36.8734,"기타초지",0,9
"457",534451,127.0871,36.1994,"주거지역",0,17
"366",534462,126.2805,36.8697,"주거지역",0,20
"378",534463,126.3015,36.7467,"기타나지",0,21
"395",534481,126.5897,36.3531,"상업지역",0,7
"393",534482,126.5693,36.3908,"주거지역",0,12
"385",534491,126.6551,36.5977,"주거지역",0,49
"441",534342,127.1192,36.447,"공공시설지역",0,37
"400",534411,126.9113,36.2755,"공공시설지역",0,21
"397",534502,126.8049,36.4552,"주거지역",0,102
"464",534501,127.4907,36.1072,"공공시설지역",0,164
"386",534471,126.8321,36.6871,"공공시설지역",0,20
"444",534510,127.2379,36.287,"기타나지",0,138
"404",735520,126.6979,36.0762,"상업지역",0,6
"401",735521,126.5493,36.1529,"주거지역",0,9
"4041",735522,126.6941,36.0091,"교통시설지역",0,6
"383",534492,126.668,36.6533,"밭",0,42
"209",335115,127.1406,35.8235,"주거지역",0,38
"208",735111,127.1218,35.799,"공공시설지역",0,40
"2081",735114,127.087,35.8515,"공공시설지역",0,32
"2082",735115,127.1175,35.8674,"상업지역",0,23
"2083",735117,127.0627,35.8465,"논",0,20
"160",735121,126.7007,35.9729,"주거지역",0,8
"1601",735122,126.6514,35.9733,"공업지역",0,6
"162",735123,126.7545,35.9644,"주거지역",0,8
"1602",735124,126.7484,35.9395,"주거지역",0,7
"159",735125,126.5411,35.9438,"기타나지",0,-32768
"163",735132,126.9579,35.9483,"공공시설지역",0,27
"408",735136,126.9663,36.078,"공공시설지역",0,23
"206",735133,127.0042,35.9616,"공공시설지역",0,34
"1631",735134,126.9414,35.9546,"주거지역",0,16
"4081",735131,126.9841,36.0203,"주거지역",0,19
"4082",735135,126.9918,36.1097,"주거지역",0,12
"243",735151,127.3846,35.4077,"주거지역",0,102
"175",735141,126.8459,35.5684,"상업지역",0,37
"174",735142,126.8868,35.688,"주거지역",0,11
"183",735161,126.713,35.4373,"교통시설지역",0,67
"171",735162,126.5511,35.5246,"주거지역",0,12
"170",735171,126.7342,35.7241,"주거지역",0,11
"165",735181,126.8914,35.8049,"주거지역",0,22
"207",735191,127.2055,35.9764,"공공시설지역",0,44
"2071",735192,127.1661,35.9418,"논",0,29
"213",735201,127.4349,35.7972,"공공시설지역",0,287
"468",735371,127.6621,36.0087,"주거지역",0,195
"228",735361,127.2794,35.6134,"주거지역",0,233
"241",735381,127.1374,35.3744,"공공시설지역",0,94
"230",735391,127.5212,35.6474,"주거지역",0,424
"115",336121,127.7279,34.747,"주거지역",0,12
"101",336124,127.7246,34.8502,"침엽수림",0,32
"1011",336125,127.7029,34.7546,"상업지역",0,62
"1012",336127,127.6524,34.7774,"밭",0,33
"1013",336128,127.7468,34.7539,"주거지역",0,28
"1014",336223,127.7318,34.825,"밭",0,46
"98",336222,127.5788,34.8819,"주거지역",0,9
"114",336221,127.5975,34.6857,"주거지역",0,28
"99",336352,127.6977,34.9399,"공공시설지역",0,13
"102",336353,127.7571,34.9419,"주거지역",0,7
"265",336354,127.7196,35.02,"주거지역",0,12
"981",336355,127.5823,34.9808,"공공시설지역",0,24
"95",336131,127.4891,34.9476,"주거지역",0,16
"982",336132,127.5186,34.9471,"공공시설지역",0,13
"983",336133,127.5098,34.8855,"기타나지",0,4
"984",336134,127.573,34.8935,"침엽수림",0,20
"985",336135,127.5484,34.9364,"논",0,8
"41",336111,126.3916,34.806,"주거지역",0,5
"413",336112,126.4346,34.8043,"상업지역",0,5
"414",336441,126.4392,34.7668,"공공시설지역",0,4
"2041",336141,126.7904,35.0217,"주거지역",0,29
"189",336151,126.9882,35.321,"주거지역",0,53
"188",336161,126.7854,35.3032,"주거지역",0,48
"60",336361,126.5992,34.5652,"주거지역",0,33
"184",336461,126.512,35.278,"공공시설지역",0,44
"63",336471,126.9067,34.675,"기타나지",0,24
"70",336481,126.2688,34.4793,"밭",0,15
"80",336491,126.8286,34.3344,"논",0,11
"200",336501,126.5228,35.0621,"주거지역",0,11
"2051",336452,126.9859,35.0653,"공공시설지역",0,86
"112",336511,127.2807,34.6063,"공공시설지역",0,33
"37",336521,126.1261,34.7555,"밭",0,22
"39",336531,126.4765,34.9905,"공공시설지역",0,17
"62",336541,126.7707,34.6446,"주거지역",0,23
"259",336561,127.461,35.2157,"상업지역",0,50
"244",336551,127.2899,35.2833,"공공시설지역",0,76
"96",336571,127.347,34.8415,"논",0,7
"338",437112,129.3681,35.9918,"공업지역",0,7
"567",437113,129.364,36.0318,"상업지역",0,4
"5671",437114,129.3658,36.0188,"주거지역",0,5
"3381",437115,129.36,35.9684,"공공시설지역",0,13
"339",437116,129.3768,35.9631,"기타나지",0,77
"568",437117,129.3756,36.0301,"공공시설지역",0,3
"3391",437118,129.4087,35.9668,"기타나지",0,22
"3392",437119,129.4054,35.9974,"상업지역",0,6
"528",437151,128.3858,36.1019,"공업지역",0,31
"525",437152,128.3258,36.1308,"공공시설지역",0,48
"527",437153,128.3386,36.1108,"주거지역",0,63
"526",437154,128.4394,36.1372,"내륙습지",0,36
"521",437131,128.0884,36.1446,"기타나지",0,84
"522",437132,128.1372,36.1441,"공업지역",0,67
"524",437133,128.1839,36.1215,"논",0,70
"337",437122,129.2076,35.8507,"공공시설지역",0,39
"340",437123,129.287,35.8351,"공공시설지역",0,110
"335",437124,129.227,35.9907,"주거지역",0,15
"3481",437125,129.3236,35.7157,"주거지역",0,92
"500",437141,128.7281,36.5643,"공공시설지역",0,97
"483",437161,128.6217,36.8098,"교통시설지역",0,140
"2814",437171,128.7433,35.825,"주거지역",0,61
"506",437181,128.1578,36.4289,"주거지역",0,60
"275",437191,128.4185,35.9907,"밭",0,43
"283",437402,128.9378,35.9729,"상업지역",0,93
"542",437421,129.4029,36.9972,"주거지역",0,12
"740",437431,129.0653,37.0486,"주거지역",0,496
"570",437542,130.9056,37.4841,"주거지역",0,37
"290",437551,128.2817,35.7262,"활엽수림",0,81
"557",437201,129.3638,36.4201,"밭",0,17
"516",437412,128.697,36.3527,"공공시설지역",0,96
"529",437561,128.5746,36.2379,"논",0,81
"274",437221,128.2901,35.9175,"상업지역",0,37
"496",437581,128.4732,36.5768,"밭",0,101
"295",437591,128.7063,35.6498,"주거지역",0,108
"553",735601,129.0564,36.4293,"상업지역",0,197
"545",437571,129.1124,36.6667,"공공시설지역",0,243
"492",437211,128.1862,36.5868,"공공시설지역",0,84
"326",238111,128.5739,35.2181,"주거지역",0,31
"3261",238112,128.6025,35.2176,"공업지역",0,4
"327",238141,128.644,35.2403,"혼효림",0,41
"3271",238142,128.6575,35.2115,"공업지역",0,20
"3272",238143,128.6833,35.207,"공업지역",0,24
"3273",238144,128.684,35.2363,"밭",0,41
"3274",238146,128.6983,35.2217,"주거지역",0,44
"3275",238151,128.6895,35.155,"주거지역",0,10
"3262",238152,128.5629,35.1831,"공공시설지역",0,11
"318",238131,128.0781,35.1983,"주거지역",0,32
"3181",238132,128.0837,35.1921,"주거지역",0,40
"3182",238133,128.1225,35.1809,"공공시설지역",0,25
"268",238161,127.7514,35.0677,"공공시설지역",0,7
"3313",238181,128.8834,35.2369,"주거지역",0,15
"3314",238182,128.9118,35.2443,"공공시설지역",0,37
"330",238183,128.8072,35.2024,"주거지역",0,19
"313",238184,128.7312,35.3078,"기타나지",0,7
"148",238201,128.6909,34.8648,"공공시설지역",0,40
"3541",238361,129.041,35.3458,"주거지역",0,17
"3531",238362,129.172,35.4144,"주거지역",0,87
"320",238211,128.0912,35.0828,"주거지역",0,17
"314",238401,128.7542,35.4937,"주거지역",0,22
"144",238411,128.4324,34.8572,"주거지역",0,7
"141",238421,128.3243,34.9745,"상업지역",0,19
"235",238431,127.9039,35.688,"주거지역",0,203
"309",238441,128.4081,35.2723,"상업지역",0,15
"233",238451,127.725,35.5203,"공공시설지역",0,172
"105",238461,127.899,34.8319,"논",0,12
"250",238471,127.8741,35.415,"주거지역",0,103
"308",238491,128.2538,35.3158,"기타나지",0,18
"293",238501,128.4905,35.5438,"밭",0,64
"289",238511,128.1576,35.5661,"주거지역",0,35
"4",339111,126.5324,33.5001,"공공시설지역",0,66
"6",339112,126.5001,33.4886,"공공시설지역",0,100
"17",339121,126.5671,33.2614,"과수원",0,85
"11",339122,126.9101,33.4602,"밭",0,15
"14",339131,126.2475,33.2279,"주거지역",0,11
"20",339123,126.7149,33.2843,"주거지역",0,30
"5796",111122,126.9704,37.5491,"상업지역",0,28
"5797",111124,126.9981,37.5686,"주거지역",0,30
"5798",111125,126.9965,37.5709,"상업지역",0,27
"6229",111143,127.042,37.5387,"공공시설지역",0,18
"62210",111153,127.0079,37.5655,"기타초지",0,32
"62211",111154,127.0444,37.5805,"공공시설지역",0,23
"62212",111162,127.0049,37.6067,"공업지역",0,86
"5799",111202,126.9377,37.5545,"상업지역",0,32
"5787",111213,126.8247,37.5602,"논",0,12
"57910",111232,126.9046,37.5193,"상업지역",0,20
"59010",111242,126.9803,37.4854,"주거지역",0,19
"62213",111263,127.0203,37.516,"공공시설지역",0,38
"6363",111264,127.0357,37.4818,"상업지역",0,40
"6234",111275,127.1393,37.5341,"주거지역",0,31
"62214",111312,127.0751,37.6177,"상업지역",0,21
"59011",111282,126.8987,37.475,"교통시설지역",0,36
"35911",221162,129.0778,35.2067,"교통시설지역",0,14
"35912",221131,129.0463,35.1267,"기타초지",0,8
"3614",221901,129.0557,35.1228,"교통시설지역",0,5
"3321",221902,128.8343,35.075,"교통시설지역",0,-32768
"2805",422113,128.5913,35.8654,"상업지역",0,61
"2806",422202,128.5115,35.8512,"교통시설지역",0,34
"2782",422133,128.5625,35.8803,"기타나지",0,33
"5869",823633,126.6908,37.4578,"교통시설지역",0,29
"58610",823634,126.7242,37.5,"공공시설지역",0,17
"58611",823703,126.6372,37.4819,"교통시설지역",0,11
"58612",823612,126.6312,37.4605,"교통시설지역",0,9
"58613",823636,126.7068,37.4406,"밭",0,11
"2023",324123,126.8533,35.1516,"교통시설지역",0,30
"2024",324134,126.8569,35.1761,"기타재배지",0,18
"4485",525151,127.4183,36.3239,"교통시설지역",0,62
"4474",525173,127.3542,36.3511,"교통시설지역",0,44
"3508",238126,129.301,35.5333,"교통시설지역",0,26
"6373",131125,127.1291,37.4332,"교통시설지역",0,31
"6364",131120,127.1026,37.3825,"주거지역",0,58
"6386",131116,127.0307,37.2765,"상업지역",0,54
"5788",831155,126.7584,37.5053,"교통시설지역",0,11
"5789",131383,126.7779,37.652,"내륙수",2995.61521854902,23
"5917",131198,126.8281,37.3167,"기타나지",0,10
"6387",131414,127.1137,37.2753,"교통시설지역",0,63
"6524",131532,127.0521,37.1711,"논",0,34
"6235",131245,127.163,37.6088,"교통시설지역",0,31
"631",132119,127.7208,37.5656,"밭",0,125
"4304",533116,127.447,36.6344,"교통시설지역",0,54
"4121",534114,127.1323,36.8393,"교통시설지역",0,49
"2091",735116,127.1324,35.8375,"교통시설지역",0,39
"3276",238145,128.6647,35.2342,"기타나지",0,22
"3",339211,126.48,33.4857,"기타초지",0,67
"572",831492,124.634,37.9647,"해양수",135510.861442209,55
"5701",437541,130.7967,37.5223,"해양수",0,-32768
"12",339312,126.1622,33.2925,"기타초지",0,55
"5742",831481,126.2835,37.7054,"연안습지",12033.9442176271,23
"594",831491,126.1493,37.233,"공공시설지역",0,193
"660",131441,127.5536,37.1375,"혼효림",0,151
"7452",131451,127.2526,38.1238,"위락시설지역",0,163
"5776",131373,126.7311,37.9062,"혼효림",21472.9460194424,53
"7541",632421,128.3852,38.2874,"혼효림",18029.3885753229,662
"7501",132401,127.9586,38.2244,"혼효림",11032.9148864037,294
"7081",632371,128.6648,37.4302,"공공시설지역",0,385
"702",632431,128.1251,37.3601,"밭",0,404
"437",633361,127.8047,36.7309,"공공시설지역",0,165
"4171",633461,127.6045,36.9941,"기타나지",0,111
"427",534341,127.0309,36.5263,"공공시설지역",0,117
"377",534461,126.1344,36.7382,"공공시설지역",0,16
"225",735351,127.1863,35.6105,"침엽수림",0,212
"169",735172,126.5592,35.6971,"공공시설지역",0,14
"255",336451,127.1751,35.1769,"밭",0,339
"5571",437371,129.287,36.4477,"과수원",0,103
"536",437401,128.9278,36.1127,"주거지역",0,178
"512",437411,128.4564,36.3688,"논",0,56
"2351",238481,127.9102,35.6432,"주거지역",0,202
"3131",238241,128.6757,35.3731,"기타나지",0,9
"155",238191,128.5873,34.7101,"침엽수림",0,89
"57911",111201,126.9456,37.5498,"공공시설지역",0,21
"62215",111142,127.0419,37.5432,"기타초지",0,15
"62216",111141,127.0925,37.5472,"공공시설지역",0,44
"59012",111221,126.8897,37.4985,"기타나지",0,18
"62217",111273,127.1165,37.5218,"공공시설지역",0,23
"6365",111265,127.0337,37.4646,"혼효림",0,43
"35913",221152,129.064,35.1531,"공공시설지역",0,14
"35914",221251,129.0927,35.2298,"주거지역",0,21
"35915",221182,129.0197,35.2161,"주거지역",0,26
"35916",221221,129.0783,35.1847,"공공시설지역",0,13
"3315",221181,128.9842,35.1462,"공공시설지역",0,8
"35917",221132,129.1078,35.1527,"공공시설지역",0,51
"2807",422114,128.5841,35.8743,"기타나지",0,41
"2808",422141,128.5711,35.8455,"공공시설지역",0,76
"2815",422115,128.6316,35.8305,"공공시설지역",0,80
"2809",422132,128.5453,35.8696,"기타나지",0,58
"58614",823611,126.6348,37.4684,"공공시설지역",0,20
"58615",823631,126.7241,37.4496,"주거지역",0,31
"58616",823641,126.7243,37.5,"공공시설지역",0,17
"5769",823651,126.6778,37.5427,"교통시설지역",0,31
"58617",823671,126.6963,37.4089,"공업지역",0,8
"2034",324121,126.8885,35.1549,"공공시설지역",0,51
"2035",324122,126.9088,35.148,"위락시설지역",0,51
"2036",324133,126.9322,35.1739,"공공시설지역",0,63
"2025",324135,126.8603,35.2293,"공업지역",0,27
"2052",324124,126.8961,35.099,"논",0,73
"2042",324148,126.7696,35.1238,"하우스재배지",0,15
"4486",525121,127.4378,36.3161,"주거지역",0,61
"4475",525171,127.3667,36.3045,"상업지역",0,56
"4476",525141,127.3739,36.3724,"교통시설지역",0,50
"4487",525111,127.4172,36.3728,"공업지역",0,48
"3509",238123,129.3593,35.5164,"공업지역",0,19
"35010",238124,129.3258,35.5261,"공공시설지역",0,10
"35011",238127,129.3081,35.5347,"주거지역",0,26
"3564",238128,129.3145,35.4348,"상업지역",0,32
"3512",238381,129.4267,35.5088,"주거지역",0,34
"6206",131132,127.0477,37.7463,"공공시설지역",0,49
"3721",131343,126.8455,36.9746,"공업지역",0,8
"5918",131192,126.8122,37.3346,"상업지역",0,14
"6388",131111,127.0105,37.2838,"공공시설지역",0,65
"6141",131611,127.5098,37.8312,"공공시설지역",0,70
"6581",131582,127.2699,37.0006,"주거지역",0,30
"6073",131459,127.1865,37.8487,"주거지역",0,124
"6132",132115,127.7445,37.9581,"공공시설지역",0,109
"6133",132116,127.7306,37.8817,"공공시설지역",0,107
"6134",132112,127.7205,37.8756,"주거지역",0,83
"616",132117,127.7504,37.8775,"주거지역",0,103
"6491",632123,127.9423,37.3755,"공업지역",0,113
"6501",132501,127.7985,37.2885,"공업지역",0,58
"4305",533112,127.4368,36.6447,"공업지역",0,48
"7211",633311,128.2957,37.0334,"주거지역",0,164
"4122",534111,127.1521,36.8143,"주거지역",0,48
"4181",534433,127.7164,36.9765,"혼효림",0,362
"3641",534421,126.3683,36.9917,"상업지역",0,12
"2084",735111,127.1218,35.799,"공공시설지역",0,40
"1015",336127,127.6524,34.7774,"밭",0,33
"1016",336123,127.6655,34.7635,"상업지역",0,11
"986",336129,127.582,34.8808,"주거지역",0,9
"3382",437112,129.3681,35.9918,"공업지역",0,7
"5672",437113,129.364,36.0318,"상업지역",0,4
"3383",437115,129.36,35.9684,"공공시설지역",0,13
"3393",437116,129.3768,35.9631,"기타나지",0,77
"7401",437431,129.0653,37.0486,"주거지역",0,496
"3277",238141,128.644,35.2403,"혼효림",0,41
"3263",238112,128.6025,35.2176,"공업지역",0,4
"2681",238161,127.7514,35.0677,"공공시설지역",0,7
"57912",111181,126.9348,37.6098,"교통시설지역",0,43
"3615",221141,129.0799,35.0598,"침엽수림",0,51
"35918",221153,129.0479,35.1579,"상업지역",0,17
"35919",221173,129.1081,35.1348,"공공시설지역",0,10
"3551",221232,129.1386,35.36,"기타나지",0,136
"35920",221252,129.0827,35.2352,"공공시설지역",0,55
"2783",422156,128.6083,35.891,"공공시설지역",0,53
"28010",422141,128.5711,35.8455,"공공시설지역",0,76
"58618",823631,126.7137,37.4496,"주거지역",0,27
"5743",831481,126.2835,37.7054,"연안습지",12033.9442176271,23
"7453",131451,127.2526,38.1238,"위락시설지역",0,163
"6401",131391,127.2504,37.4192,"주거지역",0,55
"6402",131393,127.2587,37.435,"공공시설지역",0,131
"5896",831151,126.7999,37.48,"주거지역",0,44
"5927",131223,126.976,37.3477,"주거지역",0,63
"6389",131111,127.0105,37.2838,"공공시설지역",0,65
"6411",131431,127.4077,37.4949,"활엽수림",0,46
"1017",336126,127.675,34.8333,"공업지역",0,6
"991",336356,127.6595,34.9102,"주거지역",0,11
"2682",238161,127.7514,35.0677,"공공시설지역",0,7
"62218",111261,127.0481,37.5176,"공공시설지역",0,50
"57913",111122,126.9704,37.5491,"상업지역",0,28
"62219",111141,127.0925,37.5472,"공공시설지역",0,44
"35921",221182,129.0197,35.2161,"주거지역",0,26
"35922",221221,129.0783,35.1847,"공공시설지역",0,13
"28011",422141,128.5711,35.8455,"공공시설지역",0,76
"2816",422161,128.64,35.8653,"공공시설지역",0,64
"58619",823631,126.7241,37.4496,"주거지역",0,31
"57610",823651,126.6782,37.5489,"주거지역",0,37
"5744",831481,126.2835,37.7054,"연안습지",12033.9442176271,23
"2037",324121,126.8885,35.1549,"공공시설지역",0,51
"2026",324149,126.7966,35.186,"공업지역",0,34
"4477",525141,127.3739,36.3724,"교통시설지역",0,50
"35012",238127,129.3081,35.5347,"주거지역",0,26
"35013",238123,129.3593,35.5164,"공업지역",0,19
"3513",238381,129.4267,35.5088,"주거지역",0,34
"5882",131231,126.7401,37.3468,"기타나지",0,8
"5928",131223,126.976,37.3477,"주거지역",0,63
"63810",131111,127.0105,37.2838,"공공시설지역",0,65
"6142",131611,127.5098,37.8312,"공공시설지역",0,70
"6582",131582,127.2699,37.0006,"주거지역",0,30
"6074",131459,127.1865,37.8487,"주거지역",0,124
"6151",132113,127.7495,37.8571,"공공시설지역",0,90
"7502",132401,127.9586,38.2244,"혼효림",11032.9148864037,294
"4306",533112,127.4596,36.6404,"주거지역",0,72
"4307",633212,127.4306,36.7104,"공공시설지역",0,51
"3771",534461,126.1344,36.7382,"공공시설지역",0,16
"4123",534111,127.1521,36.8143,"주거지역",0,48
"3642",534421,126.3683,36.9917,"상업지역",0,12
"4182",534433,127.7164,36.9765,"혼효림",0,362
"2085",735111,127.1218,35.799,"공공시설지역",0,40
"1603",735122,126.6514,35.9733,"공업지역",0,6
"2251",735351,127.1863,35.6105,"침엽수림",0,212
"1018",336127,127.6524,34.7774,"밭",0,33
"992",336352,127.6977,34.9399,"공공시설지역",0,13
"415",336449,126.4525,34.7575,"기타나지",0,4
"3384",437115,129.36,35.9684,"공공시설지역",0,13
"5261",437155,128.4386,36.1415,"공업지역",0,54
"3278",238141,128.644,35.2403,"혼효림",0,41
"3264",238112,128.6025,35.2176,"공업지역",0,4
"145",238202,128.6048,34.8885,"기타나지",0,47
"57914",111181,126.9348,37.6098,"교통시설지역",0,43
"62220",111141,127.0925,37.5472,"공공시설지역",0,44
"35923",221182,129.0197,35.2161,"주거지역",0,26
"35924",221221,129.0783,35.1847,"공공시설지역",0,13
"2817",422115,128.6316,35.8305,"공공시설지역",0,80
"28012",422141,128.5711,35.8455,"공공시설지역",0,76
"58620",823631,126.7241,37.4496,"주거지역",0,31
"5745",831481,126.2835,37.7054,"연안습지",12033.9442176271,23
"5941",831491,126.1493,37.233,"공공시설지역",0,193
"2038",324121,126.8885,35.1549,"공공시설지역",0,51
"4478",525141,127.3739,36.3724,"교통시설지역",0,50
"35014",238127,129.3081,35.5347,"주거지역",0,26
"5919",131191,126.8304,37.3221,"공공시설지역",0,30
"63811",131111,127.0105,37.2838,"공공시설지역",0,65
"6601",131441,127.5536,37.1375,"혼효림",0,151
"7454",131451,127.2526,38.1238,"위락시설지역",0,163
"6152",132113,127.7495,37.8571,"공공시설지역",0,90
"6821",632132,128.903,37.76,"상업지역",0,13
"6512",632122,127.9479,37.337,"공공시설지역",0,150
"7542",632421,128.3852,38.2874,"혼효림",18029.3885753229,662
"7503",132401,127.9586,38.2244,"혼효림",11032.9148864037,294
"4308",533112,127.4596,36.6404,"주거지역",0,72
"4371",633361,127.8047,36.7309,"공공시설지역",0,165
"3772",534461,126.1344,36.7382,"공공시설지역",0,16
"4124",534111,127.1521,36.8143,"주거지역",0,48
"4183",534433,127.7164,36.9765,"혼효림",0,362
"4271",534341,127.0309,36.5263,"공공시설지역",0,117
"2086",735111,127.1218,35.799,"공공시설지역",0,40
"1632",735132,126.9579,35.9483,"공공시설지역",0,27
"2252",735351,127.1863,35.6105,"침엽수림",0,212
"1019",336127,127.6524,34.7774,"밭",0,33
"993",336352,127.6977,34.9399,"공공시설지역",0,13
"4110",336111,126.3916,34.806,"주거지역",0,5
"5572",437371,129.287,36.4477,"과수원",0,103
"5361",437401,128.9278,36.1127,"주거지역",0,178
"5211",437131,128.0884,36.1446,"기타나지",0,84
"5001",437141,128.7281,36.5643,"공공시설지역",0,97
"3385",437115,129.36,35.9684,"공공시설지역",0,13
"3279",238141,128.644,35.2403,"혼효림",0,41
"1551",238191,128.5873,34.7101,"침엽수림",0,89
"2352",238481,127.9102,35.6432,"주거지역",0,202
"121",339312,126.1622,33.2925,"기타초지",0,55
